3 Fonteinen ;Oude Geuze Vintage ;6,00;36
3 Fonteinen ;Oude Kriek ;5,00;44
3 Fonteinen ;Schaerbeekse Kriek ;6,00;44
3 Fonteinen ;Doesjel ;6;36
3 Fonteinen ;Straffe Winter ;8;31
3 Fonteinen ;Zwet.be ;7;69
8 Wired Brewing ;Batch 18 - Barrel Aged Imperial Stout ;12,5;18
8 Wired Brewing ;Hop Wired ;7,3;39
8 Wired Brewing ;Saison Sauvin ;7;53
8 Wired Brewing ;Tall Poppy India Red Ale ;7;5
8 Wired Brewing ;The Sultan Quadrupel ;10;3
Adnams ;Tally-Ho ;7,00;28
Adnams ;Southwold Bitter ;4,1;16
AleSmith Brewing ;Decadence 2010 ;11,00;48
AleSmith Brewing ;Horny Devil ;11,00;12
AleSmith Brewing ;IPA ;0,25;41
AleSmith Brewing ;YuleSmith (Winter) ;9,5;9
Almond 22 ;Farrotta ;5,8;59
Almond 22 ;Fredric ;6;57
Almond 22 ;Grand Cru ;7,5;12
Almond 22 ;Maxima ;6,9;30
Almond 22 ;Pink IPA ;6,2;41
Almond 22 ;Torbata ;8,7;28
Amager Bryghus ;Amager Fælled ;4,5;35
Amager Bryghus ;Summer Fusion ;3,5;20
Amager Bryghus ;IPA ;7;41
Amundsen Bryggeri & Spiseri ;Black No 1 ;8,5;17
Amundsen Bryggeri & Spiseri ;Copper Ale ;4,5;5
Amundsen Bryggeri & Spiseri ;Fenrir ;5,5;5
Amundsen Bryggeri & Spiseri ;Hveteøl ;4,5;33
Amundsen Bryggeri & Spiseri ;Imperial Dunkel Wit ;9;12
Amundsen Bryggeri & Spiseri ;Juleøl ;6,5;65
Amundsen Bryggeri & Spiseri ;Pale Ale ;4,6;29
Amundsen Bryggeri & Spiseri ;Pilsener ;4,7;50
Amundsen Bryggeri & Spiseri ;Påske Bock ;4,7;37
Amundsen Bryggeri & Spiseri ;Red Ale ;4,5;42
Amundsen Bryggeri & Spiseri ;Røyk Porter ;6;69
Amundsen Bryggeri & Spiseri ;VM Ale ;4,7;35
Amundsen Bryggeri & Spiseri ;American Amber;5,5;5
Anchor Brewing ;Humming Ale ;5,9;8
Anderson Valley Brewing ;Poleeko Gold Pale Ale ;5,5;8
Arendals Bryggeri ;Sørlands Juleøl ;4,70;65
Atna Øl ;Julenisjeøl ;7,50;30
Atna Øl ;Brun ;6,3;11
Atna Øl ;Rypeøl ;4,7;67
Avery Brewing ;Ellie's Brown Ale ;5,5;19
Avery Brewing ;Karma Ale ;6,00;11
Avery Brewing ;Out of Bounds Stout ;5,1;61
Avery Brewing ;The Maharaja ;10,54;39
Baird Brewing Co. ;Asian Beauty Biwa Ale ;5,1;71
Baird Brewing Co. ;Daidai Dark Wheat ;5,00;71
Baird Brewing Co. ;Japan Tale Ale ;5,9;71
Baird Brewing Co. ;Jubilation Ale ;6,5;60
Bayerische Staatsbrauerei Weihenstephan ;Hefe Weissbier ;5,4;33
Bayerische Staatsbrauerei Weihenstephan ;Vitus ;7,7;66
Bayerische Staatsbrauerei Weihenstephan ;Hefeweissbier Alkoholfrei ;0,5;33
Bayerische Staatsbrauerei Weihenstephan ;Infinium ;10,5;12
Beer Here ;Ammestout ;6,5;63
Beer Here ;Black Cat ;4,7;17
Beer Here ;Dark Hops ;8,5;17
Beer Here ;Executioner IPA ;7;41
Beer Here ;Fat Cat ;4,7;5
Beer Here ;Hopfix ;6,5;39
Beer Here ;Lupulus ;4,7;8
Beer Here ;Malus Pater ;10;3
Belhaven ;Innis & Gunn Blonde Lightly Oaked Beer ;6,00;30
Berentsens Brygghus ;Moss Kong Carl ;4,70;
Berentsens Brygghus ;Påskeøl ;4,70;49
Berentsens Brygghus ;Stelliger Divum Juleøl ;15,00;22
Berentsens Brygghus ;Stelliger Divum (2011) ;19;22
Bierbrouwerij Emelisse ;Black IPA ;8;17
Bierbrouwerij Emelisse ;Double IPA ;7,9;39
Bierbrouwerij Emelisse ;Espresso Stout ;9,5;38
Bierbrouwerij Emelisse ;Imperial Russian Stout ;11;38
Bierbrouwerij Emelisse ;Imperial Russian Stout Barrel Aged Jack Daniels cask (peated) ;9,5;38
Bierbrouwerij Emelisse ;Rauchbier ;6,5;57
Bierbrouwerij Emelisse ;TIPA ;10;39
Bierwerk ;Aardwolf ;8,5;63
Bierwerk ;Vlakvark ;3,8;16
Birrificio del Ducato ;A.F.O. (Ale for Obsessed) ;5,2;8
Birrificio Italiano ;Amber Shock ;7,00;5
Birrificio Italiano ;Bibock ;6,2;37
Birrificio Italiano ;Cassissona ;6,5;71
Birrificio Italiano ;Tipopils ;5,2;50
Birrificio Italiano ;Vùdù ;5,5;72
Birrificio Pausa Cafe ;P.I.L.S. ;4,8;18
Birrificio Toccalmatto ;Fumé du Sanglier ;6,00;57
Birrificio Toccalmatto ;Re Hop ;5,00;8
Birrificio Toccalmatto ;Rude Boy IPA ;5,6;17
Birrificio Toccalmatto ;Sibilla ;6,00;53
Birrificio Toccalmatto ;Surfing Hop Imperial IPA ;9,00;39
Bitburger Brauerei Th. Simon ;Drive ;0,00;54
Boston Beer Company ;Samuel Adams Black Lager ;4,9;25
Brasserie Saint-Germain ;Page 24 Bière de Noël ;6,9;15
Brasserie Saint-Germain ;Page 24 Réserve Hildegarde Ambrée ;6,9;15
Brasserie Saint-Germain ;Page 24 Blanche ;4,9;13
Brauerei Aying ;Jahrhundert ;5,5;23
Brauerei Aying ;Ur-Weisse ;5,8;33
Brauerei Aying ;Winterbock ;6,7;22
Brauerei Gusswerk ;Meinklang Urkorn ;4,75;59
Brauerei Heller ;Schlenkerla Eiche ;8;57
Brauerei Heller ;Schlenkerla Helles Lagerbier ;4,3;23
Brauerei Maisel ;Weisse Alkoholfrei ;0,40;33
Brauerei Pinkus Müller ;Pinkus Hefe Weissen ;5,00;33
Brauerei Pinkus Müller ;Münstersch Alt ;5,1;4
Brewdog ;5 AM Saint ;9,60;5
Brewdog ;Alpha Dog ;4,5;16
Brewdog ;Bashah (w/Stone Brewing) ;8,6;9
Brewdog ;Hårdkogt IPA ;7,6;39
Brewdog ;Nanny State ;0,50;73
Brewdog ;Paradox Isle of Arran ;10,00;38
Brewdog ;Santa Paws ;8,2;60
Brewdog ;Sink The Bismarck ;41,00;39
Brewdog ;There Is No Santa ;4,7;60
Brewdog ;Tokyo* ;18,2;38
Brewdog ;Abstrakt AB:06 ;11,5;17
Brewdog ;Abstrakt AB:07 ;12,5;55
Brewdog ;Bitch Please ;12;6
Brewdog ;Christmas Porter ;6,2;69
Brewdog ;Hops Kills Nazis ;7,8;5
Brewdog ;Høst Porter ;6,2;69
Brewdog ;I Hardcore You ;9,5;39
Brewdog ;Tokyo Black Horizon ;17,2;38
Brooklyn Brewery ;Brown Ale ;5,9;19
Brooklyn Brewery ;East India Pale Ale ;6,9;41
Brooklyn Brewery ;Lager ;5,2;65
Brooklyn Brewery ;Black Chocolate Stout ;10,6;38
Brouwerij Bosteels ;Tripel Karmeliet ;8;2
Brouwerij De Leyerth ;Urthel Hop-it ;9,5;12
Brouwerij De Leyerth ;Urthel Saisonnière ;6,00;11
Brouwerij De Molen ;Amarillo ;9,2;41
Brouwerij De Molen ;Black Damnation (w/Struise Brouwers) ;12,00;38
Brouwerij De Molen ;Black Damnation 666 ;14,00;38
Brouwerij De Molen ;Bommen & Granaten ;15,2;6
Brouwerij De Molen ;Borefts Blond ;6,5;35
Brouwerij De Molen ;Donder & Bliksem ;5,9;18
Brouwerij De Molen ;Heen & Weer ;9,5;2
Brouwerij De Molen ;Hel & Verdoemenis ;11,9;38
Brouwerij De Molen ;Hel & Verdoemenis (Bordeaux) ;10,2;38
Brouwerij De Molen ;Hel & Verdoemenis 666 ;10,00;38
Brouwerij De Molen ;Hemel & Arde (Bruichladdich Barrel) ;10,00;38
Brouwerij De Molen ;Jong & Onbedorven (2009-) ;7,2;66
Brouwerij De Molen ;Kopi Loewak Coffee Stout ;9,5;38
Brouwerij De Molen ;Lood & Oud Ijzer ;10,4;9
Brouwerij De Molen ;Lusten & Lasten ;9,2;2
Brouwerij De Molen ;Machtic & Moi ;17,00;6
Brouwerij De Molen ;Man & Macht ;3,9;61
Brouwerij De Molen ;Mikkel & Menno (w/Mikkeller) ;7,2;66
Brouwerij De Molen ;Neander Ale ;8,64;30
Brouwerij De Molen ;Rasputin ;10,7;38
Brouwerij De Molen ;Rijn & Veen ;5,00;33
Brouwerij De Molen ;Tsarina Esra Imperial Porter ;11,00;40
Brouwerij De Molen ;Vuur & Vlam ;6,2;41
Brouwerij De Molen ;Bloed, Zweet & Tranen ;8,1;57
Brouwerij De Molen ;Molenbier ;7,5;30
Brouwerij De Molen ;Mooi & Meedogenloos ;10,2;12
Brouwerij De Molen ;Rook & Vuur ;8,2;57
Brouwerij De Molen ;Ruig & Rood ;9,5;42
Brouwerij Emelisse ;Imperial Russian Stout Barrel Aged Laphroaig cask ;11;38
Brouwerij F, Boon ;Framboise ;5;44
Brouwerij F, Boon ;Kriek ;5;44
Brouwerij F, Boon ;Oude Geuze ;6,5;36
Brouwerij Het Anker ;Gouden Carolus Classic ;8,5;12
Brouwerij Het Anker ;Gouden Carolus Tripel ;9;2
Brouwerij Roman ;Adriaen Brouwer Dark Gold ;8,5;12
Brouwerij Roman ;Ename Blond ;6,5;70
Brouwerij Roman ;Ename Dubbel ;6,5;1
Brouwerij Roman ;Ename Tripel ;8,5;2
Brouwerij Roman ;Sloeber ;7,5;12
Browar Amber ;Grand Imperial Porter ;8,00;10
Browar Amber ;Zlote Lwy ;5,6;52
Brunehaut ;Abbaye de Saint-Martin Brune ;8,00;1
Bryggeriet KVAJJ ;Fruentimmer ;6,5;41
Bryggeriet Skands ;Elmegade IPA ;6,2;41
Bryggeriet Skands ;Porter ;7,2;69
Bryggeriet Skands ;Esrum Kloster ;7,5;60
Budweiser Budvar ;Budweiser Budvar ;5,00;18
Bøgedal Bryghus ;No 219 ;6,7;64
Bøgedal Bryghus ;No 275 ;7,5;12
Camden Town Brewery ;London Porter ;6,7;69
Cantillon ;Iris ;5,00;45
Cantillon ;Lou Pepe Framboise (2007) ;5,00;44
Cantillon ;Lou Pepe Gueuze (2006) ;5,00;36
Cantillon ;Lou Pepe Pure Kriek (2007) ;5,00;44
Cantillon ;St. Lamvinus ;5,00;44
Cantillon ;Vigneronne ;5,00;44
Captain Lawrence ;Captains Reserve IIPA ;8,00;39
Carib Brewery ;Carib Lager ;5,2;49
Carlow Brewing ;O'Hara's Celtic Stout ;4,3;24
Carlow Brewing ;O'Hara's Irish Pale Ale ;5,2;42
Carlow Brewing ;O'Hara's Irish Red ;4,3;8
Cerveces La Gardenia ;Rosita Original ;5,5;49
Cigar City Brewing ;Bolita Brown Double Nut Brown Ale ;9;9
Cigar City Brewing ;Either Black Ale ;11,2;17
Cigar City Brewing ;Guava Grove ;8;53
Cigar City Brewing ;Jai Alai IPA ;7,5;41
Cigar City Brewing ;Maduro Oatmeal Brown Ale ;5,5;19
Cigar City Brewing ;Or Black Ale ;11,2;17
Coors Brewing Company ;Light ;4,2;49
Damm ;Estrella Damm 0,0% ;0;73
Damm ;Lemon 6-4 ;3,2;71
Dark Horse Brewing ;Boffo Brown Ale ;5,5;19
Dark Horse Brewing ;Crooked Tree IPA ;6;41
Dark Horse Brewing ;Fore Smoked Stout ;8;57
Dark Horse Brewing ;One Oatmeal Stout ;8;63
Dark Horse Brewing ;Reserve Special Black Bier ;7,5;69
Dark Horse Brewing ;Sapient Trip Ale ;8,5;2
De Dolle Brouwers ;Arabier ;8,00;12
De Dolle Brouwers ;Oerbier ;9,00;12
De Koningshoeven ;La Trappe Puur ;4,7;11
De Molen ;Jan 5 J VY XX-M ;7,2;17
De Struise Brouwers ;Cuvée Delphine ;13;38
Du Bocq ;Agrumbock ;3,1;71
Du Bocq ;Blanche de Namur ;4,5;13
Du Bocq ;Brussels Fruit Beer Apple ;3,2;71
Du Bocq ;Brussels Fruit Beer Peaches ;3,2;71
Du Bocq ;Brussels Fruit Beer Red Fruits ;3,2;71
Du Bocq ;La Gauloise Ambrée ;5,5;11
Du Bocq ;La Gauloise Blonde ;6,3;70
Du Bocq ;La Gauloise Brune ;8,1;1
Du Bocq ;Tripel Moine ;7,3;2
Du Bocq ;Waterloo Double 8 Dark ;8,5;1
Du Bocq ;Waterloo Triple 7 Blond ;7,5;2
Du Monde;Blanch;5;13
Dugges Ale & Porterbryggeri ;Brandmästare Andréns Törstsläckare ;2,8;16
Dugges Ale & Porterbryggeri ;High Five ;7,5;41
Dugges Ale & Porterbryggeri ;Johannas Bästa ;4,6;16
Dugges Ale & Porterbryggeri ;Lager No 1 ;4,7;52
Dugges Ale & Porterbryggeri ;Terrassens Weiss ;5;33
Duvel Moortgat ;Maredsous 6 Blond ;6;70
Duvel Moortgat ;Maredsous 8 Brune ;8;33
Erdinger Weissbräu ;Hefe-Weissbier;5,3;33
Erdinger Weissbräu ;Urweisse ;5,2;33
Espedalen Fjellbryggeri ;Juleøl ;6,5;60
Espedalen Fjellbryggeri ;Kölsch ;4,5;43
Espedalen Fjellbryggeri ;Red Ale ;4,7;42
Evil Twin Brewing ;Ale 404 ;6,66;8
Evil Twin Brewing ;Ryan and the Beaster Bunny ;7;53
Evil Twin Brewing ;Yang ;10;39
Evil Twin Brewing ;Yin ;10;38
FEMSA ;Cuauhtemoc Moctezuma Bohemia Lager ;5,3;18
FEMSA ;Dos Equis XX Ambar ;4,7;5
FEMSA ;Dos Equis XX Lager Especial ;4,45;49
Flying Dog ;In-heat Hefeweizen Ale ;4,7;33
Founders ;Centennial IPA ;7,2;41
Founders ;Dirty Bastard Scotch Ale ;8,3;55
Founders ;Porter ;6,5;69
Founders ;Reds Rye ;6,6;5
Founders Brewing ;Breakfast Stout ;8,3;61
Fullers ;London Pride;4,7;51
Fullers ;Brewer's Reserve Limited Edition No 2 Oak Aged Ale ;8,2;30
Fullers ;Past Masters XX ;7,5;30
Fullers ;Vintage Ale 2009 ;8,5;30
Fullers ;Vintage Ale 2010 ;8,5;30
Goose Island Beer Company ;312 Urban Wheat Ale ;4,4;67
Goose Island Beer Company ;Honkers Ale ;4,3;16
Goose Island Beer Company ;Matilda Ale ;7,00;11
Grans Bryggeri ;Lade Gaards Brygghus Juleøl ;4,70;25
Grans Bryggeri ;Lade Gaards Brygghus Pilsner ;4,70;50
Grans Bryggeri ;Lade Gaards Brygghus Juleøl (butikkstyrke) ;4,5;25
Grans Bryggeri ;Lade Gaards Brygghus Juleøl (polstyrke) ;6,5;26
Grans Bryggeri ;Lade Gaards Brygghus Mørk Lager ;4,7;25
Grans Bryggeri ;VM øl ;4,7;50
Grassroots Brewing ;Den Lil IPA ;2,7;41
Grassroots Brewing ;Deva Double IPA ;8,2;39
Grassroots Brewing ;Fleur Noires (m/Stillwater Artisanal Ales) ;6,3;17
Grassroots Brewing ;Dresden 45 ;5,2;57
Grassroots Brewing ;Nighthawks At The Diner ;5,8;61
Great Divide Brewing ;Yeti Imperial Stout ;9,5;38
Great Divide Brewing ;Oak Aged Yeti Imperial Stout ;9,5;38
Green Flash Brewing ;Double Stout ;8,8;38
Green Flash Brewing ;Imperial IPA ;9,4;39
Green Flash Brewing ;Le Freak ;9,2;2
Green Flash Brewing ;Hop Head Red ;6,4;5
Green Flash Brewing ;West Coast IPA ;7,3;41
Hanne På Høydens Bryggeri ;Den Wite Dame ;4,7;13
Hanne På Høydens Bryggeri ;En Underlig Graasprengt Havrestaut ;5,8;61
Hanne På Høydens Bryggeri ;Ferdinand Brun ;4;19
Hanne På Høydens Bryggeri ;Lemkuhls Last ;6,8;41
Hansa Bryggeri ;Pilsner 365 ;3,65;50
Hantverksbryggeriet ;Julnarren ;7;51
Harviestoun ;Mister Sno'balls ;4,5;16
Herslev Bryghus ;Pale Ale ;4,9;29
Herslev Bryghus ;Stjerne Bryg ;9,00;12
Herslev Bryghus ;Økologisk Hvedeøl ;5,6;13
Herslev Bryghus ;Økologisk Juleøl ;6,00;11
Herslev Bryghus ;Four Grain Stout ;7;61
Herslev Bryghus ;Høst Bryg Hyben ;6;71
Herslev Bryghus ;Mjølner ;11;6
Herslev Bryghus ;Pilsner ;5,5;50
Herslev Bryghus ;Økologisk IPA ;6,1;41
Holbæk Bryg ;Bourbon Stout ;7,5;61
Holbæk Bryg ;Isefjord Winter ;7;61
Holbæk Bryg ;Munken ;6;61
Hoppin' Frog ;B.O.R.I.S. The Crusher ;9,4;38
Hoppin' Frog ;Bodacious Black & Tan ;7,5;17
Hoppin' Frog ;Hoppin' To Heaven IPA ;6,8;41
Hoppin' Frog ;Mean Manalishi IPA ;8,2;39
Hornbeer ;Black Magic Woman ;10;38
Hornbeer ;Caribbean Rumstout ;11;38
Hornbeer ;Framboise ;5,5;71
Hornbeer ;Hophorn ;9,3;39
Hornbeer ;Kiss The Frog ;4,6;71
Hornbeer ;Sourhorn ;6;58
Hornbeer ;Winterporter ;8,6;40
Huisbrouwerij De Halve Maan ;Brugse Zot Blond ;6,00;70
Husbryggeriet Jacobsen ;Extra Pilsner 4,5% ;4,5;50
Husbryggeriet Jacobsen ;Golden Naked Christmas Ale ;7,5;30
Husbryggeriet Jacobsen ;Original Dark Lager 4,5% ;4,5;25
Husbryggeriet Jacobsen ;Saaz Blond 4,5% ;4,5;11
Husbryggeriet Jacobsen ;Vintage 3 ;15,00;28
Husbryggeriet Jacobsen ;Rosé Wit ;5,1;13
Haandbryggeriet ;Akevitt Porter ;10,00;40
Haandbryggeriet ;Bestefar ;9,00;64
Haandbryggeriet ;Farewell Ale ;7,50;64
Haandbryggeriet ;Fyr & Flamme ;6,20;41
Haandbryggeriet ;Good Force ;10,00;67
Haandbryggeriet ;Haandbic ;7,50;58
Haandbryggeriet ;Hesjeøl ;6,70;64
Haandbryggeriet ;Kreklingøl ;7,00;71
Haandbryggeriet ;Løkka Steamer ;5,00;20
Haandbryggeriet ;Menno & Jens ;7,00;60
Haandbryggeriet ;Røyk Uten Ild ;8,50;57
Haandbryggeriet ;Sommer Ale ;5,50;67
Haandbryggeriet ;Southern Cross India Pale Ale ;6,00;41
Haandbryggeriet ;Wild Thing ;7,50;58
Haandbryggeriet ;Blanda Drops ;5;5
Haandbryggeriet ;Costa Rica ;6,2;69
Haandbryggeriet ;Krøkkebic ;7;58
Inderøy Gardsbryggeri ;Gårdsøl 2010 ;4,50;23
Inderøy Gardsbryggeri ;Munkebyøl ;4,70;51
Inderøy Gardsbryggeri ;Tunneløl ;4,50;72
Inderøy Gardsbryggeri ;Mærrabætt ;5,9;41
Inderøy Gardsbryggeri ;Stut ;6,4;61
Indslev Bryggeri ;Hvede IPA ;5,5;67
Indslev Bryggeri ;Sort Hvede ;6,5;61
Indslev Bryggeri ;Hvede Bock ;8;66
Indslev Bryggeri ;Hvid ;4,8;13
Indslev Bryggeri ;Svane Hvede ;5,3;33
Inveralmond Brewery ;Santa's Swallie ;4,3;16
Jennings ;Cumberland Ale ;4,2;16
Jolly Pumpkin Artisan Ales ;Bam Biere ;4,5;53
Jolly Pumpkin Artisan Ales ;Bam Noire ;4,3;53
Jolly Pumpkin Artisan Ales ;La Roja ;7,2;58
Jolly Pumpkin Artisan Ales ;Madrugada Obscura ;8,1;61
Jolly Pumpkin Artisan Ales ;Oro de Calabaza ;8,00;12
Jolly Pumpkin Artisan Ales ;Baudelaire Beer iO Saison ;6,8;53
Jolly Pumpkin Artisan Ales;Calabaza Blanca ;4,8;58
Jolly Pumpkin Artisan Ales ;Collababeire Special Holiday Ale ;9;60
Jolly Pumpkin Artisan Ales ;La Parcela No 1 Pumpkin Ale ;5,9;60
Jolly Pumpkin Artisan Ales ;Luciernaga ;6,5;11
Jolly Pumpkin Artisan Ales ;Maracaibo Especial ;7,5;12
Jolly Pumpkin Artisan Ales ;Weizen Bam ;4,5;58
Kinn Bryggeri ;Austkyst ;6,50;41
Kinn Bryggeri ;Dampen ;4,70;20
Kinn Bryggeri ;Jubileum ;4,70;13
Kinn Bryggeri ;Julefred ;6,50;56
Kinn Bryggeri ;Knutholmer ;4,70;13
Kinn Bryggeri ;Malstefna ;5,90;53
Kinn Bryggeri ;Pilegrim ;4,70;51
Kinn Bryggeri ;Sjelefred ;4,70;19
Kinn Bryggeri ;Svart Hav ;4,70;24
Kinn Bryggeri ;Vestkyst ;7,00;41
Kinn Bryggeri ;Alden ;4,7;35
Kinn Bryggeri ;Bøvelen ;9,5;2
Kinn Bryggeri ;H, Hjørnevik ;4,7;16
Kinn Bryggeri ;Løkka Haust ;6,7;5
Kinn Bryggeri ;Manna ;3,7;46
Kinn Bryggeri ;Naboen Bitter ;4,7;16
Kinn Bryggeri ;Slåtteøl ;6;53
Kinn Bryggeri ;Svartekunst F,E,D,I,R,E,S,P, ;10;38
Kissmeyer Beer ;Smoked Baltic Porter ;8;10
Kiuchi Brewery ;Hitachino Nest Espresso Stout ;7,5;61
Kiuchi Brewery ;Hitachino Nest Japanese Classic Ale ;7,5;64
Kiuchi Brewery ;Hitachino Nest Real Ginger Ale ;7,00;60
Kiuchi Brewery ;Hitachino Nest Red Rice Ale ;7,00;64
Klosterbryggeriet ;Humle Hyld ;5,2;64
Klosterbryggeriet ;Spøttrup Borg Mørk Ale ;6,00;1
Klostergården ;Havrestout ;?;61
Klostergården ;Imperial Stout ;?;38
Klostergården ;Røykøl ;?;57
Klostergården ;Sommerøl ;?;
Left Coast ;Black Magic Stout ;6,7;61
Left Hand Brewing ;Milk Stout ;5,3;63
Left Hand Brewing ;400 Pound Monkey ;7;41
Left Hand Brewing ;Jackmans Pale Ale ;5,2;8
Lervig Aktiebryggeri ;Cardinal's Winter Wine ;10,00;6
Lervig Aktiebryggeri ;Lucky Jack ;4,70;8
Lervig Aktiebryggeri ;Northwestern Lager ;4,70;52
Lervig Aktiebryggeri ;Winter Ale ;8,30;30
Lervig Aktiebryggeri ;Betty Brown ;4,7;19
Lervig Aktiebryggeri ;Brewers Reserve Barley Wine Aged in Bourbon Barrels ;10;6
Lervig Aktiebryggeri ;Brewers Reserve Konrads Stout ;10,4;38
Lervig Aktiebryggeri ;Brewers Reserve Lervigs Jul ;6,8;11
Lervig Aktiebryggeri ;Brewers Reserve Rye IPA ;7,7;41
Lervig Aktiebryggeri ;Cardinal Brun & Blid ;5,5;19
Lervig Aktiebryggeri ;Cardinal Flower Power ;5,8;35
Lervig Aktiebryggeri ;Juleøl ;4,5;65
Lervig Aktiebryggeri ;Nærbøl ;4,5;8
Lervig Aktiebryggeri ;Talisman Explore Me IPA ;4,7;41
Lervig Aktiebryggeri ;Valberget Stavangerøl ;4,7;47
Lost Abbey ;10 Commandments ;9,00;12
Lost Abbey ;Avant Garde ;7,00;15
Lost Abbey ;Carnevale (2009) ;6,5;53
Lost Abbey ;Devotion ;7,2;11
Lost Abbey ;Gift Of The Magi ;10,00;15
Lost Abbey ;Inferno Ale ;8,5;12
Lost Abbey ;Serpent Stout ;11,00;38
Lost Abbey ;The Angels Share ;12,5;28
Lost Abbey ;Framboise de Amorosa ;7;58
Lost Abbey ;Judgment Day ;10,5;3
Lost Abbey ;Lost & Found ;8;1
Lost Abbey ;Red Barn Ale ;6,7;53
LoverBeer ;BeerBera ;8;58
LoverBeer ;Madamin ;6,2;58
LoverBeer ;Marche'l Re ;8,5;38
LoverBeer ;Papessa ;7;38
LoverBeer ;BeerBrugna ;6,2;58
LoverBeer ;D'uvaBeer ;8;58
LoverBeer ;Dama Brun-a ;6,7;58
Mack Bryggeri ;Barista Ale ;5,00;19
Mack Bryggeri ;Bukta Hvete ;7,30;33
Mack Bryggeri ;Hårek Porter ;7,20;69
Mack Bryggeri ;Amber Ale ;5,5;5
Mack Bryggeri ;Brown Ale ;6;19
Mack Bryggeri ;Bukta Hvete (2011) ;6,51;33
Mack Bryggeri ;Hveteøl ;6;33
Mack Bryggeri ;Juleporter ;7,66;69
Mack Bryggeri ;Kölsch ;4,02;43
Mack Bryggeri ;Maximus Porter ;6,54;69
Mack Bryggeri ;Skarven ESB ;6,5;51
Mack Bryggeri ;Sundquist IPA ;4,5;41
Mahou ;Cinco Estrellas ;5,5;49
Marston's Beer Company;Oyster Stout;4,5;61
Meantime Brewing ;Chocolate ;6,5;10
Meantime Brewing ;India Pale Ale ;7,5;41
Meantime Brewing ;London Lager ;4,5;52
Meantime Brewing ;London Porter ;6,5;69
Meantime Brewing ;London Stout ;4,5;61
Meantime Brewing ;Pilsner ;4,7;21
Meantime Brewing ;Raspberry ;5;67
Meantime Brewing ;Wheat ;5;67
Meantime Brewing ;Yakima Red ;4;5
Midtfyns Bryghus ;Ale ;6,5;6
Midtfyns Bryghus ;Barley Wine ;10,00;6
Midtfyns Bryghus ;Belgisk Summer Wit ;6,2;13
Midtfyns Bryghus ;Chili Tripel ;9,3;2
Midtfyns Bryghus ;Imperial Stout ;9,5;38
Midtfyns Bryghus ;JuleAle ;6,8;48
Midtfyns Bryghus ;JuleStout ;7,6;61
Midtfyns Bryghus ;Rough Snuff ;9,3;12
Midtfyns Bryghus ;X Porter (m/de Molen) ;8,00;40
Mikkeller ;1000 IBU Barrel Aged ;9,6;39
Mikkeller ;Beer Geek Breakfast Bourbon Edition ;10,7;38
Mikkeller ;Beer Geek Brunch Weasel Bourbon Edition ;12,7;38
Mikkeller ;Black ;17,5;38
Mikkeller ;Black Hole ;13,1;38
Mikkeller ;Black Hole Barrel Aged Edition Peated Whisky ;13,1;38
Mikkeller ;Black Hole Barrel Aged Edition Red Wine ;13,1;38
Mikkeller ;Black Tie ;11,5;38
Mikkeller ;Cream Ale (m/Revelation Cat) ;5,00;74
Mikkeller ;Czechet Pilsner ;4,6;18
Mikkeller ;Drikkeriget CASA ;9,3;9
Mikkeller ;George ;11,11;38
Mikkeller ;Mandeøl ;11,5;38
Mikkeller ;Single Hop Series Centennial ;6,9;41
Mikkeller ;Single Hop Series East Kent Golding ;6,9;41
Mikkeller ;Single Hop Series Nelson Sauvin ;6,9;41
Mikkeller ;Single Hop Series Simcoe ;6,9;41
Mikkeller ;Single Hop Series Tomahawk ;6,9;41
Mikkeller ;Spontanale ;5,00;45
Mikkeller ;The American Dream ;4,6;52
Mikkeller ;Weinbrand Barrel Aged Red Ale ;10,00;5
Mikkeller ;Yeast Series Brettanomyces ;8,00;12
Mikkeller ;Belgian Tripel ;9;2
Mikkeller ;Black, Cognac Edition ;17,5;38
Mikkeller ;Black, Islay Edition ;17,5;38
Mikkeller ;Black, Whisky Edition ;17,5;38
Mikkeller ;Fra Via Til ;8;40
Mikkeller ;Funky Easter ;9,39;12
Mikkeller ;I Beat yoU ;9,75;39
Mikkeller ;It's Alive, Hvidvinsfadlagret ;9;12
Mikkeller ;Texas Ranger ;6,6;60
North Coast Brewing ;Le Merle ;7,9;53
Närke Kulturbryggeri ;Örebro Bitter ;5,7;51
Nøgne Ø ;Cascara Bitter ;4,50;16
Nøgne Ø ;Dark Horizon Third Edition ;15,50;38
Nøgne Ø ;Imperial IPA (#500) ;10,00;39
Nøgne Ø ;Imperial Stout Belguique ;9,00;38
Nøgne Ø ;Nighthawk Breakfast Brown ;5,50;19
Nøgne Ø ;Pils ;5,10;18
Nøgne Ø ;Red Horizon ;17,00;9
Nøgne Ø ;Single Hop Citra IPA ;6,00;41
Nøgne Ø ;Sweet Horizon ;14,00;38
Nøgne Ø ;Two Captains Double IPA ;8,50;39
Nøgne Ø ;Der Kollaborator ;8,5;22
Nøgne Ø ;Holy Smoke ;6;57
Nøgne Ø ;India Saison ;7,5;53
Nøgne Ø ;Kjell Pop Double Hop ;6,5;41
Nøgne Ø ;Not So Mild Ale ;4,5;46
Nøgne Ø ;Oak'd Brun ;6,6;11
Nøgne Ø ;StUten (Inferial Stout) ;0,4;73
Nøgne Ø ;Super Stuck Mash Pumpkin Ale ;?;60
Nørrebro Bryghus ;Påske Bock ;7,5;22
Nørrebro Bryghus ;Stuykman Wit (Økologisk) ;5,00;13
Nørrebro Bryghus ;Bombay Pale Ale ;6,5;41
Nørrebro Bryghus ;Ceske Böhmer ;5,2;18
Nørrebro Bryghus ;La Granja Stout ;7,5;61
Nørrebro Bryghus ;New York Lager ;5,2;65
Nørrebro Bryghus ;Pacific Summer Ale ;5,6;35
Nørrebro Bryghus ;Ravnsborg Rød ;5,5;42
Nørrebro Bryghus ;Tripel de Lente Sauternes Barrel ;9;1
O'Hanlon ;Brewers Special Reserve ;12,9;28
O'Hanlon ;Thomas Hardy's Ale ;11,7;28
Opperbacco ;TriplIPA ;7,8;2
Oppigårds Bryggeri ;Amarillo ;5,9;41
Oppigårds Bryggeri ;Indian Tribute ;6,6;41
Oppigårds Bryggeri ;Byggver CM Dubbel ;5;64
Oskar Blues Grill & Brew ;Dale's Pale Ale ;6,5;41
Oskar Blues Grill & Brew ;Gordon ;8,7;39
Oskar Blues Grill & Brew ;Gubna ;10,00;39
Oskar Blues Grill & Brew ;Old Chub ;8,00;55
Oslo Mikrobryggeri ;Liberty Ale ;4,40;8
Oslo Mikrobryggeri ;Summit Cream Ale ;?;74
Oslo Mikrobryggeri ;Amber Y ;4,9;5
Oslo Mikrobryggeri ;Boston Lager ;5,5;65
Oslo Mikrobryggeri ;Gold Lager ;5,5;52
Oslo Mikrobryggeri ;Påskeøl ;5;52
Oslo Mikrobryggeri ;Vårale ;5,5;35
Oud Beersel ;Bersalis Kadet ;4,5;11
Panil Birra Arigianale ;Barrique Sour ;8;58
Pivovar Nachod ;Primator Diamant ;3,8;18
Pivovar Nachod ;Primator Stout ;4,7;61
Pivovar Nachod ;Primator Svetly ;4;18
Pivovar Nachod ;Primator Tmave Lezak ;4,8;25
Port Brewing ;Hot Rocks Lager ;6,5;25
Port Brewing ;Old Viscosity ;10,00;9
Port Brewing ;Older Viscosity ;12,00;9
Port Brewing ;Shark Attack ;9,2;9
Port Brewing ;Wipeout IPA ;7,00;41
Port Brewing ;4th Anniversary ;10;39
Port Brewing ;High Tide Fresh Hop IPA ;6,5;41
Port Brewing ;La Cruda Porter ;6,7;69
Port Brewing ;Santa's Little Helper ;10;38
Pretty Things Beer & Ale Project ;Jack d'Or ;6,5;53
Provianten ;Amber ;4,5;5
Provianten ;Bohemian Lager ;5,3;18
Provianten ;Hefe Weissbier ;4,5;33
Provianten ;IPA ;5,3;41
Provianten ;Jule Ale ;5,4;60
Provianten ;Lys Ale ;5;51
Provianten ;Pale Ale ;4,5;29
Provianten ;Schwartz Lager ;5,7;54
Ramsgate Brewery ;Back To Basic West Coast IPA (m/Revelation Cat) ;6,5;41
Ramsgate Brewery ;Gadds Double IPA ;9;39
Randers Bryghus ;India Pale Ale ;6,8;41
Randers Bryghus ;Porter ;5,6;69
Ringnes Bryggeri ;Tuborg Lime Cut ;4,50;71
Ringnes Bryggeri ;Platinum ;4,5;50
Ringnes Bryggeri ;Schous Pils ;4,6;50
Rise Bryggeri ;Premium Valnød Økologisk ;7;26
Rise Bryghus ;Premium Jule Ale Økologisk ;7;30
Rogue Ales ;Dead Guy Ale ;6,6;37
Rogue Ales ;Juniper Pale Ale ;5,2;8
La Rulles;Blonde ;7;12
La Rulles;Brune ;6,5;11
La Rulles;Estivale ;5,2;11
La Rulles;La Grande 10 ;10;12
La Rulles;Triple ;8,4;2
Røros Bryggeri og Mineralvannsfabrikk ;Johannes Konstknekt ;4,7;43
Røros Bryggeri og Mineralvannsfabrikk ;Spell-Ola Seiersøl ;4,7;52
Raasted Bryghus ;Juleøl ;8,5;12
Sabeco ;Saigon Export ;4,9;49
Samuel Adams;Boston Lager;;65
Schouskjelleren Mikrobryggeri ;Aj Pi Ej ;5,60;41
Schouskjelleren Mikrobryggeri ;Batch X (10) ;5,50;30
Schouskjelleren Mikrobryggeri ;Blondilox ;5,10;35
Schouskjelleren Mikrobryggeri ;Bobek Blond ;4,60;35
Schouskjelleren Mikrobryggeri ;Centennial IPA ;4,60;41
Schouskjelleren Mikrobryggeri ;Garden of Eden ;5,30;71
Schouskjelleren Mikrobryggeri ;Is This The Way To Amarillo ;4,50;41
Schouskjelleren Mikrobryggeri ;Java Java Coffee Stout ;6,50;61
Schouskjelleren Mikrobryggeri ;Juleøl ;5,40;69
Schouskjelleren Mikrobryggeri ;Krydderstout ;6,10;60
Schouskjelleren Mikrobryggeri ;OSB ;5,20;51
Schouskjelleren Mikrobryggeri ;Thunder Bear Stout ;4,80;61
Schouskjelleren Mikrobryggeri ;1/2 Century Ale ;7;8
Schouskjelleren Mikrobryggeri ;Albale ;5,3;56
Schouskjelleren Mikrobryggeri ;Amarillo Hops ;4,5;41
Schouskjelleren Mikrobryggeri ;Beer There ;6,5;69
Schouskjelleren Mikrobryggeri ;Carameal Stout ;6,4;63
Schouskjelleren Mikrobryggeri ;Cyclone ;5,8;35
Schouskjelleren Mikrobryggeri ;Dunkel Weizen ;6,7;72
Schouskjelleren Mikrobryggeri ;Dust Bowl IPA ;6;41
Schouskjelleren Mikrobryggeri ;Empress Of India ;6,1;41
Schouskjelleren Mikrobryggeri ;Full Century Ale ;8;39
Schouskjelleren Mikrobryggeri ;Hip Hops ;4,6;29
Schouskjelleren Mikrobryggeri ;Hobbitter Pale Ale ;5,1;8
Schouskjelleren Mikrobryggeri ;Hop Rat ;4,5;8
Schouskjelleren Mikrobryggeri ;Imperial Bear ;7,5;38
Schouskjelleren Mikrobryggeri ;JJ Away In The Middle ;6,7;67
Schouskjelleren Mikrobryggeri ;Kristel The Weekend Stripper ;4,7;35
Schouskjelleren Mikrobryggeri ;Pacific Lemon ;5,5;35
Schouskjelleren Mikrobryggeri ;RBNAG -11 ;7;69
Schouskjelleren Mikrobryggeri ;Rude Pale Ale ;5,9;8
Schouskjelleren Mikrobryggeri ;Rye Rye Rye ;5,6;59
Schouskjelleren Mikrobryggeri ;Samba ;4,7;5
Schouskjelleren Mikrobryggeri ;Sixty Mile Smile ;4,5;29
Schouskjelleren Mikrobryggeri ;Sommer Kölsch ;4,8;43
Schouskjelleren Mikrobryggeri ;Stim ;4,8;20
Schouskjelleren Mikrobryggeri ;Summer Wheat ;4,8;13
Schouskjelleren Mikrobryggeri ;Tiny Dancer ;7,7;67
Schouskjelleren Mikrobryggeri ;Transport Helicopter ;5,2;41
Schouskjelleren Mikrobryggeri ;Uncle Knut ;4,5;35
Schouskjelleren Mikrobryggeri ;Weizen Wit ;5,6;13
Schouskjelleren Mikrobryggeri ;Winter IPA ;7,7;41
Shipyard Brewing ;Belfast Bay Lobster Ale ;4,7;5
Shorts Brewing ;Soft Parade;8;71
Shorts Brewing ;The Magician ;5,3;5
Sierra Nevada ;Pale Ale ;5,6;8
Sigtuna Brygghus ;Black October ;5;54
Sigtuna Brygghus ;Red Ale ;6;5
SKA Brewing ;Modus Hoperandi IPA ;6,8;41
SKA Brewing ;Special ESB Ale ;5,7;51
Slottskällans Bryggeri ;Imperial Stout ;9;38
Slottskällans Bryggeri ;Nelson ;4,5;52
Slottskällans Bryggeri ;Red Ale ;5;42
Smuttynose Brewing ;Big A IPA ;9,2;39
Smuttynose Brewing ;Robust Porter ;5,7;69
Smuttynose Brewing ;IPA ;6,6;41
Sofiero ;Original 3,5 ;3,5;49
Southern Tier Brewing  Company;2xIPA ;8,2;39
Southern Tier Brewing  Company;Back Burner ;9,1;6
Southern Tier Brewing  Company;Big Red Imperial Red Ale ;9,5;9
Southern Tier Brewing  Company;Creme Brulee Stout ;9,2;38
Southern Tier Brewing  Company;Farmers Tan Imperial Pale Lager ;9,00;62
Southern Tier Brewing  Company;Gemini ;19,5;39
Southern Tier Brewing  Company;Hoppe Imperial Pale Ale ;8,3;39
Southern Tier Brewing  Company;IPA ;6,5;41
Southern Tier Brewing  Company;Iniquity Imperial Black Ale ;8,9;17
Southern Tier Brewing  Company;Jah-va Coffee Stout ;10,4;38
Southern Tier Brewing  Company;Mokah ;19,9;38
Southern Tier Brewing  Company;Oak Aged Un*Earthly IPA ;11,00;39
Southern Tier Brewing  Company;Old Man Winter Ale ;7,2;48
Southern Tier Brewing  Company;Pumking ;9,00;60
Southern Tier Brewing  Company;Un*Earthly IPA ;8,8;39
Southern Tier Brewing  Company;Choklat ;11;38
Southern Tier Brewing  Company;Imperial Oat ;11;38
Southern Tier Brewing  Company;Pale Ale ;11;8
St, Peter's Brewery ;Cream Stout ;6,5;61
St, Peter's Brewery ;Fruit Beer (Grapefruit) ;4,7;71
St, Peter's Brewery ;The Saints ;4,8;55
St. Austell Brewery ;Proper Job ;5,5;8
St. Peters ;Wheat Beer ;4,7;35
Stensbogaard Bryghus ;Canadian Maple ;5,2;5
Stensbogaard Bryghus ;India Pale Ale ;5,00;41
Stensbogaard Bryghus ;Julebryg ;7,8;9
Stone Brewing ;Smoked Porter ;5,9;57
Struise ;Pannepot Reserva (2008) ;10,00;12
Struise ;Pannepøt ;10,00;12
Struise ;Tsjeeses ;10,00;2
Struise ;Witte ;5,00;13
Sundbytunet ;Elvexir ;11;6
Sundbytunet ;Juleale ;5,5;19
Sundbytunet ;Kjellerpils ;4,7;21
Sundbytunet ;Vinterporter ;6,5;69
Svaneke Bryghus ;Ale ;4,6;5
Svaneke Bryghus ;Julebryg ;5,7;25
Svyturys ;Carlsberg Copen Hagen 56N ;4,5;49
Tamamura-Honten ;Shiga Kogen House IPA ;8,2;39
Tamamura-Honten ;Shiga Kogen Miyama Blonde ;6,7;53
Tamamura-Honten ;Shiga Kogen Not So Mild Ale ;4,5;46
Tamamura-Honten ;Shiga Kogen Wheat Wine ;9,00;28
Thai Beverages ;Chang (Light) ;4,2;49
The Bruery ;Saison de Lente ;6,5;53
The Bruery ;3 French Hens ;10;12
The Bruery ;Autumn Maple ;10;60
The Bruery ;Rugbrød ;8;59
The Bruery ;Saison Rue ;8,5;53
The Duck Rabbit Craft Brewery ;Märzen ;4,8;47
The Duck Rabbit Craft Brewery ;Schwarzbier ;5,8;54
The Evil Twin ;Soft Dookie ;10,4;38
Theakston ;Old Peculier ;5,6;48
Theresianer Antica Birreria di Trieste ;Bock ;6,5;26
Theresianer Antica Birreria di Trieste ;Pale Ale ;6,5;29
Theresianer Antica Birreria di Trieste ;Premium Lager ;4,8;52
Theresianer Antica Birreria di Trieste ;Premium Pilsener ;5;50
Theresianer Antica Birreria di Trieste ;Premium Pilsener Unfiltered ;5;50
Theresianer Antica Birreria di Trieste ;Strong Ale ;8,5;30
Theresianer Antica Birreria di Trieste ;Vienna ;5,3;65
Theresianer Antica Birreria di Trieste ;Wit ;5,1;33
Thornbridge Brewery ;Jaipur IPA ;5,9;41
Thornbridge Brewery ;Kill Your Darlings ;5;65
To Tårn Bryggeri ;JuLian Preludium ;?;41
Trollbryggeriet ;Slogen Brown Ale ;4,70;19
Trollbryggeriet ;Slogen Lys Ale ;4,70;35
Trollbryggeriet ;Slogen Fjord ;4,7;35
Trondhjem Mikrobryggeri ;Bayer ;?;25
Trondhjem Mikrobryggeri ;India Dark Ale ;6,00;17
Trondhjem Mikrobryggeri ;Premium Pils ;4,50;25
Trondhjem Mikrobryggeri ;Brown Ale (Muligens feil navn) ;?;19
Trondhjem Mikrobryggeri ;Pale Extra ;4,5;51
Trondhjem Mikrobryggeri ;Quak! Ale ;4,5;51
Uncommon Brewers ;Bacon Brown Ale ;6,8;19
Uncommon Brewers ;Golden State ;6,4;11
Union Bryggeri ;Alkoholfri ;0,00;49
Union Bryggeri ;Lite ;4,70;49
Union Bryggeri ;Premium Pilsner ;4,70;52
Union Bryggeri ;Sommerøl ;4,50;49
United Breweries Group ;Kingfisher Lager ;4,8;49
Valdres Gardsbryggeri ;Staut Jul ;4,70;19
Valdres Gardsbryggeri ;Trøll ;4,7;64
Verhaeghe ;Duchesse de Bourgogne ;6,2;58
Warwik Bryghus ;Sankt Barbara ;5,1;13
Warwik Bryghus ;Sankt Hans ;4,8;1
Warwik Bryghus ;Sankt Nikolai ;9,2;2
Weissbierbrauerei G. Schneider & Sohn ;Aventinus (Tap 6 Unser Aventinus) ;8,2;66
Weissbierbrauerei G. Schneider & Sohn ;Aventinus Weizen-Eisbock ;12,00;27
Weissbierbrauerei G. Schneider & Sohn ;Hopfen-Weisse (Tap 5) ;8,2;66
Weissbierbrauerei G. Schneider & Sohn ;Original (Tap 7) ;5,4;33
Weissbierbrauerei G. Schneider & Sohn ;Weisse Leicht (Tap 11 Mein Leichtes) ;3,3;33
Weissbierbrauerei G. Schneider & Sohn ;Weizen Hell (Tap 1 Mein Blondes) ;5,2;33
Weissbierbrauerei G. Schneider & Sohn ;Wiesen Edel-Weisse (Tap 4 Mein Grünes) ;6,2;33
Wells & Youngs ;Bombardier Burning Gold ;4,7;16
Weyerbacher Brewing ;Double Simcoe IPA ;9,00;39
Weyerbacher Brewing ;Old Heathen ;8,00;38
Williams Brothers ;Ginger Beer ;3,8;64
Wye Valley Brewery ;Dorothy Goodbody's Wholesome Stout ;4,6;61
Xbeeriment ;Black Force One ;10,4;38
Zywiec ;Zywiec ;5,5;52
Ægir Bryggeri ;Alt ;5,50;4
Ægir Bryggeri ;Natt Imperial Porter ;10,00;40
Ægir Bryggeri ;Rakøl ;4,70;64
Ægir Bryggeri ;Wit ;5,50;13
Ægir Bryggeri ;Belgian Golden Ale ;8,6;12
Ægir Bryggeri ;Der Kollaborator ;8,6;22
Ægir Bryggeri ;Hefeweissen ;5,5;33
Ægir Bryggeri ;Lynchburg Natt ;10;40
Ægir Bryggeri ;Maibokk ;8;37
Ægir Bryggeri ;Ratatosk Double IPA ;9;39
Ægir Bryggeri ;Roggenbier ;5,5;59
Ægir Bryggeri ;RyePA ;6;41
Ægir Bryggeri ;Scotch Ale ;7;55
Ægir Bryggeri ;Wangensten Rakøl ;4,7;64
Ølve på Egge Bryggeri ;Steinkjer Øl ;4,50;67
Ølve på Egge Bryggeri ;Helgenkongen ;7,1;69